,database_name,table_name,original_column_name,column_name,column_description,data_format,value_description
0,debit_card_specializing,products.csv,ProductID,Product ID,Product ID,integer,
1,debit_card_specializing,products.csv,Description,,Description,text,
2,debit_card_specializing,yearmonth.csv,CustomerID,Customer ID,Customer ID,integer,
3,debit_card_specializing,yearmonth.csv,Date,,Date,text,
4,debit_card_specializing,yearmonth.csv,Consumption,,consumption,real,
5,debit_card_specializing,transactions_1k.csv,TransactionID,Transaction ID,Transaction ID,integer,
6,debit_card_specializing,transactions_1k.csv,Date,,Date,date,
7,debit_card_specializing,transactions_1k.csv,Time,,Time,text,
8,debit_card_specializing,transactions_1k.csv,CustomerID,Customer ID,Customer ID,integer,
9,debit_card_specializing,transactions_1k.csv,CardID,Card ID,Card ID,integer,
10,debit_card_specializing,transactions_1k.csv,GasStationID,Gas Station ID,Gas Station ID,integer,
11,debit_card_specializing,transactions_1k.csv,ProductID,Product ID,Product ID,integer,
12,debit_card_specializing,transactions_1k.csv,Amount,,Amount,integer,
13,debit_card_specializing,transactions_1k.csv,Price,,Price,real,"commonsense evidence:

total price = Amount x Price"
14,debit_card_specializing,customers.csv,CustomerID,,identification of the customer,integer,
15,debit_card_specializing,customers.csv,Segment,client segment,client segment,text,
16,debit_card_specializing,customers.csv,Currency,,Currency,text,
17,debit_card_specializing,gasstations.csv,GasStationID,Gas Station ID,Gas Station ID,integer,
18,debit_card_specializing,gasstations.csv,ChainID,Chain ID,Chain ID,integer,
19,debit_card_specializing,gasstations.csv,Country,,,text,
20,debit_card_specializing,gasstations.csv,Segment,chain segment,chain segment,text,
21,financial,loan.csv,loan_id,,the id number identifying the loan data,integer,
22,financial,loan.csv,account_id,,the id number identifying the account,integer,
23,financial,loan.csv,date,,the date when the loan is approved,date,
24,financial,loan.csv,amount,,approved amount,integer,unit：US dollar
25,financial,loan.csv,duration,,loan duration,integer,unit：month
26,financial,loan.csv,payments,monthly payments,monthly payments,real,unit：month
27,financial,loan.csv,status,,repayment status,text,"'A' stands for contract finished, no problems;
'B' stands for contract finished, loan not paid;
'C' stands for running contract, OK so far;
'D' stands for running contract, client in debt"
28,financial,client.csv,client_id,,the unique number,integer,
29,financial,client.csv,gender,,,text,"F：female 
M：male "
30,financial,client.csv,birth_date,,birth date,date,
31,financial,client.csv,district_id,location of branch,location of branch,integer,
32,financial,district.csv,district_id,location of branch,location of branch,integer ,
33,financial,district.csv,A2,district_name,district_name,text,
34,financial,district.csv,A3,region,region,text,
35,financial,district.csv,A4,number of inhabitants ,,text,
36,financial,district.csv,A5,no. of municipalities with inhabitants < 499,municipality < district < region,text,
37,financial,district.csv,A6,no. of municipalities with inhabitants 500-1999,municipality < district < region,text,
38,financial,district.csv,A7,no. of municipalities with inhabitants 2000-9999,municipality < district < region,text,
39,financial,district.csv,A8,no. of municipalities with inhabitants > 10000,municipality < district < region,integer,
40,financial,district.csv,A9,,,integer,not useful
41,financial,district.csv,A10,ratio of urban inhabitants,ratio of urban inhabitants,real,
42,financial,district.csv,A11,average salary,average salary,integer,
43,financial,district.csv,A12,unemployment rate 1995,unemployment rate 1995,real,
44,financial,district.csv,A13,unemployment rate 1996,unemployment rate 1996,real,
45,financial,district.csv,A14,no. of entrepreneurs per 1000 inhabitants,no. of entrepreneurs per 1000 inhabitants,integer,
46,financial,district.csv,A15,no. of committed crimes 1995,no. of committed crimes 1995,integer,
47,financial,district.csv,A16,no. of committed crimes 1996,no. of committed crimes 1996,integer,
48,financial,trans.csv,trans_id,transaction id,transaction id,integer,
49,financial,trans.csv,account_id,,,integer,
50,financial,trans.csv,date,date of transaction,date of transaction,date,
51,financial,trans.csv,type,+/- transaction,+/- transaction,text,"""PRIJEM"" stands for credit
""VYDAJ"" stands for withdrawal"
52,financial,trans.csv,operation,mode of transaction,mode of transaction,text,"""VYBER KARTOU"": credit card withdrawal
""VKLAD"": credit in cash
""PREVOD Z UCTU"" :collection from another bank
""VYBER"": withdrawal in cash
""PREVOD NA UCET"": remittance to another bank"
53,financial,trans.csv,amount,amount of money,amount of money,integer,Unit：USD
54,financial,trans.csv,balance,balance after transaction,balance after transaction,integer,Unit：USD
55,financial,trans.csv,k_symbol,characterization of the transaction,,text,"""POJISTNE"": stands for insurrance payment
""SLUZBY"": stands for payment for statement
""UROK"": stands for interest credited
""SANKC. UROK"": sanction interest if negative balance
""SIPO"": stands for household
""DUCHOD"": stands for old-age pension
""UVER"": stands for loan payment"
56,financial,trans.csv,bank,bank of the partner,,text,each bank has unique two-letter code
57,financial,trans.csv,account,account of the partner,,integer,
58,financial,account.csv,account_id,account id,the id of the account,integer,
59,financial,account.csv,district_id,location of branch,location of branch,integer ,
60,financial,account.csv,frequency,frequency,frequency of the acount,text,"""POPLATEK MESICNE"" stands for monthly issuance
""POPLATEK TYDNE"" stands for weekly issuance
""POPLATEK PO OBRATU"" stands for issuance after transaction"
61,financial,account.csv,date,date,the creation date of the account,date,in the form YYMMDD
62,financial,card.csv,card_id,credit card id,id number of credit card,integer,
63,financial,card.csv,disp_id,disposition id,disposition id,integer,
64,financial,card.csv,type,,type of credit card,text,"""junior"": junior class of credit card; 
""classic"": standard class of credit card; 
""gold"": high-level credit card"
65,financial,card.csv,issued,,the date when the credit card issued ,date,in the form YYMMDD
66,financial,order.csv,order_id,,identifying the unique order,integer,
67,financial,order.csv,account_id,,id number of account,integer,
68,financial,order.csv,bank_to,bank of the recipient,bank of the recipient,text,
69,financial,order.csv,account_to,account of the recipient,account of the recipient,integer,each bank has unique two-letter code
70,financial,order.csv,amount,debited amount,debited amount,real,
71,financial,order.csv,k_symbol,characterization of the payment,purpose of the payment,text,"""POJISTNE"" stands for insurance payment
""SIPO"" stands for household payment
""LEASING"" stands for leasing
""UVER"" stands for loan payment"
72,financial,disp.csv,disp_id,disposition id,unique number of identifying this row of record,integer,
73,financial,disp.csv,client_id,,id number of client,integer,
74,financial,disp.csv,account_id,,id number of account,integer,
75,financial,disp.csv,type,,type of disposition,text,"""OWNER"" : ""USER"" : ""DISPONENT""
commonsense evidence:
the account can only have the right to issue permanent orders or apply for loans"
76,formula_1,circuits.csv,circuitId,circuit Id ,unique identification number of the circuit ,integer ,
77,formula_1,circuits.csv,circuitRef,circuit reference name ,circuit reference name ,text,
78,formula_1,circuits.csv,name ,,full name of circuit ,text,
79,formula_1,circuits.csv,location  ,,location of circuit ,text,
80,formula_1,circuits.csv,country ,,country of circuit ,text,
81,formula_1,circuits.csv,lat ,latitude  ,latitude of location of circuit ,real,
82,formula_1,circuits.csv,lng ,longitude  ,longitude of location of circuit ,real,"commonsense evidence: 
Location coordinates: (lat, lng)"
83,formula_1,circuits.csv,alt ,,,integer ,not useful 
84,formula_1,circuits.csv,url ,,url ,text,
85,formula_1,status.csv,statusId ,status ID,the unique identification number identifying status,integer,
86,formula_1,status.csv,status ,,full name of status ,text,
87,formula_1,drivers.csv,driverId ,driver ID ,the unique identification number identifying each driver,integer,
88,formula_1,drivers.csv,driverRef ,driver reference name ,driver reference name ,text,
89,formula_1,drivers.csv,number ,,number ,integer,
90,formula_1,drivers.csv,code ,,abbreviated code for drivers ,text,"if ""null"" or empty, it means it doesn't have code "
91,formula_1,drivers.csv,forename ,,forename ,text,
92,formula_1,drivers.csv,surname ,,surname ,text,
93,formula_1,drivers.csv,dob ,date of birth ,date of birth ,date,
94,formula_1,drivers.csv,nationality ,,nationality of drivers ,text,
95,formula_1,drivers.csv,url ,,the introduction website of the drivers ,text,
96,formula_1,driverStandings.csv,driverStandingsId ,driver Standings Id ,the unique identification number identifying driver standing records ,integer,
97,formula_1,driverStandings.csv,raceId ,constructor Reference name ,id number identifying which races ,integer,
98,formula_1,driverStandings.csv,driverId ,,id number identifying which drivers ,integer,
99,formula_1,driverStandings.csv,points ,,how many points acquired in each race ,real,
100,formula_1,driverStandings.csv,position ,,position or track of circuits ,integer,
101,formula_1,driverStandings.csv,positionText ,position text ,,text,"same with position, not quite useful "
102,formula_1,driverStandings.csv,wins ,,wins ,integer,
103,formula_1,races.csv,raceId ,race ID ,the unique identification number identifying the race ,integer ,
104,formula_1,races.csv,year ,,year ,integer ,
105,formula_1,races.csv,round ,,round ,integer ,
106,formula_1,races.csv,circuitId ,Circuit Id ,circuit Id ,integer ,
107,formula_1,races.csv,name ,,name of the race ,text,
108,formula_1,races.csv,date ,,duration time ,date,
109,formula_1,races.csv,time ,,time of the location ,text,
110,formula_1,races.csv,url ,,introduction of races ,text,
111,formula_1,constructors.csv,constructorId ,constructor Id ,the unique identification number identifying constructors ,integer ,
112,formula_1,constructors.csv,constructorRef ,Constructor Reference name ,Constructor Reference name ,text,
113,formula_1,constructors.csv,name ,,full name of the constructor ,text,
114,formula_1,constructors.csv,nationality ,,nationality of the constructor ,text,
115,formula_1,constructors.csv,url ,,the introduction website of the constructor ,text,"commonsense evidence: 
How to find out the detailed introduction of the constructor: through its url"
116,formula_1,constructors.csv,wins ,,wins ,integer ,
117,formula_1,constructorResults.csv,constructorResultsId,constructor Results Id,constructor Results Id,integer,
118,formula_1,constructorResults.csv,raceId,race Id,race id,integer,
119,formula_1,constructorResults.csv,constructorId,constructor Id,constructor id,integer,
120,formula_1,constructorResults.csv,points,,points,real,
121,formula_1,constructorResults.csv,status,,status,text,
122,formula_1,lapTimes.csv,raceId ,race ID ,the identification number identifying race,integer ,
123,formula_1,lapTimes.csv,driverId ,driver ID ,the identification number identifying each driver ,integer ,
124,formula_1,lapTimes.csv,lap ,,lap number ,integer ,
125,formula_1,lapTimes.csv,position ,,position or track of circuits  ,integer ,
126,formula_1,lapTimes.csv,time ,,lap time  ,text,in minutes / seconds / ... 
127,formula_1,lapTimes.csv,milliseconds ,,milliseconds ,integer ,
128,formula_1,qualifying.csv,qualifyId ,qualify Id ,the unique identification number identifying qualifying ,integer ,"How does F1 Sprint qualifying work? Sprint qualifying is essentially a short-form Grand Prix � a race that is one-third the number of laps of the main event on Sunday. However, the drivers are battling for positions on the grid for the start of Sunday's race. "
129,formula_1,qualifying.csv,raceId ,race Id ,the identification number identifying each race ,integer ,
130,formula_1,qualifying.csv,driverId ,driver Id,the identification number identifying each driver ,integer ,
131,formula_1,qualifying.csv,constructorId ,constructor id ,constructor Id ,integer ,
132,formula_1,qualifying.csv,number ,,number ,integer ,
133,formula_1,qualifying.csv,position ,,position or track of circuit ,integer ,
134,formula_1,qualifying.csv,q1 ,qualifying 1 ,time in qualifying 1 ,text,"in minutes / seconds / ... 
commonsense evidence: 
Q1 lap times determine pole position and the order of the front 10 positions on the grid. The slowest driver in Q1 starts 10th, the next starts ninth and so on. 
All 20 F1 drivers participate in the first period, called Q1, with each trying to set the fastest time possible. Those in the top 15 move on to the next period of qualifying, called Q2. The five slowest drivers are eliminated and will start the race in the last five positions on the grid. "
135,formula_1,qualifying.csv,q2 ,qualifying 2 ,time in qualifying 2 ,text,"in minutes / seconds / ... 
commonsense evidence: 
only top 15 in the q1 has the record of q2 
Q2 is slightly shorter but follows the same format. Drivers try to put down their best times to move on to Q1 as one of the 10 fastest cars. The five outside of the top 10 are eliminated and start the race from 11th to 15th based on their best lap time. "
136,formula_1,qualifying.csv,q3 ,qualifying 3 ,time in qualifying 3 ,text,"in minutes / seconds / ... 
commonsense evidence: 
only top 10 in the q2 has the record of q3 "
137,formula_1,pitStops.csv,raceId ,race ID ,the identification number identifying race ,integer ,
138,formula_1,pitStops.csv,driverId ,driver ID ,the identification number identifying each driver ,integer ,
139,formula_1,pitStops.csv,stop ,,stop number ,integer ,
140,formula_1,pitStops.csv,lap ,,lap number ,integer ,
141,formula_1,pitStops.csv,time ,,time ,text,exact time  
142,formula_1,pitStops.csv,duration ,,duration time ,text,seconds/ 
143,formula_1,pitStops.csv,milliseconds ,,milliseconds ,integer ,
144,formula_1,seasons.csv,year ,race ID ,the unique identification number identifying the race,integer,
145,formula_1,seasons.csv,url ,,website link of season race introduction ,text,
146,formula_1,constructorStandings.csv,constructorStandingsId ,constructor Standings Id ,unique identification of the constructor standing records ,integer ,
147,formula_1,constructorStandings.csv,raceId ,race id ,id number identifying which races ,integer ,
148,formula_1,constructorStandings.csv,constructorId ,constructor id ,id number identifying which id ,integer ,
149,formula_1,constructorStandings.csv,points,,how many points acquired in each race ,,
150,formula_1,constructorStandings.csv,position ,,position or track of circuits ,integer ,
151,formula_1,constructorStandings.csv,positionText ,position text ,,text,"same with position, not quite useful "
152,formula_1,constructorStandings.csv,wins ,,wins ,integer ,
153,formula_1,results.csv,resultId,Result ID ,the unique identification number identifying race result ,integer,
154,formula_1,results.csv,raceId,race ID ,the identification number identifying the race ,integer ,
155,formula_1,results.csv,driverId ,driver ID,the identification number identifying the driver ,integer ,
156,formula_1,results.csv,constructorId ,constructor Id ,the identification number identifying which constructors ,integer ,
157,formula_1,results.csv,number ,,number  ,integer ,
158,formula_1,results.csv,grid ,,the number identifying the area where cars are set into a grid formation in order to start the race. ,integer ,
159,formula_1,results.csv,position ,,The finishing position or track of circuits ,integer ,
160,formula_1,results.csv,positionText ,position text ,,text,not quite useful 
161,formula_1,results.csv,positionOrder ,position order ,the finishing order of positions ,integer ,
162,formula_1,results.csv,points ,,points ,real,
163,formula_1,results.csv,laps ,,lap number ,integer ,
164,formula_1,results.csv,time  ,,finish time ,text,"commonsense evidence: 
1. if the value exists, it means the driver finished the race. 
2. Only the time of the champion shows in the format of ""minutes: seconds.millionsecond"", the time of the other drivers shows as ""seconds.millionsecond"" , which means their actual time is the time of the champion adding the value in this cell."
165,formula_1,results.csv,milliseconds ,,the actual finishing time of drivers in milliseconds  ,integer ,the actual finishing time of drivers  
166,formula_1,results.csv,fastestLap ,fastest lap ,fastest lap number ,integer ,
167,formula_1,results.csv,rank ,,starting rank positioned by fastest lap speed,integer ,
168,formula_1,results.csv,fastestLapTime ,fastest Lap Time,fastest Lap Time,text,"faster (smaller in the value) ""fastestLapTime"" leads to higher rank (smaller is higher rank) "
169,formula_1,results.csv,fastestLapSpeed ,fastest Lap Speed ,fastest Lap Speed ,text, (km / h) 
170,formula_1,results.csv,statusId ,status Id ,status ID ,integer,its category description appear in the table status 
171,california_schools,schools.csv,CDSCode,CDSCode,CDSCode,text,
172,california_schools,schools.csv,NCESDist,National Center for Educational Statistics school district identification number,"This field represents the 7-digit National Center for Educational Statistics (NCES) school district identification number. The first 2 digits identify the state and the last 5 digits identify the school district. Combined, they make a unique 7-digit ID for each school district.",text,
173,california_schools,schools.csv,NCESSchool,National Center for Educational Statistics school identification number,This field represents the 5-digit NCES school identification number. The NCESSchool combined with the NCESDist form a unique 12-digit ID for each school.,text,
174,california_schools,schools.csv,StatusType,,This field identifies the status of the district. ,text,"Definitions of the valid status types are listed below:
·       Active: The district is in operation and providing instructional services.
·       Closed: The district is not in operation and no longer providing instructional services.
·       Merged: The district has combined with another district or districts.
·       Pending: The district has not opened for operation and instructional services yet, but plans to open within the next 9–12 months."
175,california_schools,schools.csv,County,,County name,text,
176,california_schools,schools.csv,District,,District,text,
177,california_schools,schools.csv,School,,School,text,
178,california_schools,schools.csv,Street,,Street,text,
179,california_schools,schools.csv,StreetAbr,street address ,"The abbreviated street address of the school, district, or administrative authority’s physical location.",text,"The abbreviated street address of the school, district, or administrative authority’s physical location. Note: Some records (primarily records of closed or retired schools) may not have data in this field."
180,california_schools,schools.csv,City,,City,text,
181,california_schools,schools.csv,Zip,,Zip,text,
182,california_schools,schools.csv,State,,State,text,
183,california_schools,schools.csv,MailStreet,,MailStreet,text,"The unabbreviated mailing address of the school, district, or administrative authority. Note: 1) Some entities (primarily closed or retired schools) may not have data in this field; 2) Many active entities have not provided a mailing street address. For your convenience we have filled the unpopulated MailStreet cells with Street data."
184,california_schools,schools.csv,MailStrAbr,mailing street address ,,text,"the abbreviated mailing street address of the school, district, or administrative authority.Note: Many active entities have not provided a mailing street address. For your convenience we have filled the unpopulated MailStrAbr cells with StreetAbr data."
185,california_schools,schools.csv,MailCity,mailing city,,text,"The city associated with the mailing address of the school, district, or administrative authority. Note: Many entities have not provided a mailing address city. For your convenience we have filled the unpopulated MailCity cells with City data."
186,california_schools,schools.csv,MailZip,mailing zip ,,text,"The zip code associated with the mailing address of the school, district, or administrative authority. Note: Many entities have not provided a mailing address zip code. For your convenience we have filled the unpopulated MailZip cells with Zip data."
187,california_schools,schools.csv,MailState,mailing state,,text,The state within the mailing address. For your convenience we have filled the unpopulated MailState cells with State data.
188,california_schools,schools.csv,Phone,,Phone,text,
189,california_schools,schools.csv,Ext,extension,"The phone number extension of the school, district, or administrative authority.",text,"The phone number extension of the school, district, or administrative authority."
190,california_schools,schools.csv,Website,,"The website address of the school, district, or administrative authority.",text,"The website address of the school, district, or administrative authority."
191,california_schools,schools.csv,OpenDate,,The date the school opened.,date,
192,california_schools,schools.csv,ClosedDate,,The date the school closed.,date,
193,california_schools,schools.csv,Charter,,This field identifies a charter school. ,integer,"The field is coded as follows:

·       1 = The school is a charter

·       0 = The school is not a charter"
194,california_schools,schools.csv,CharterNum,,"The charter school number,",text,4-digit number assigned to a charter school.
195,california_schools,schools.csv,FundingType,,Indicates the charter school funding type,text,"Values are as follows:

·       Not in CS (California School) funding model

·       Locally funded

·       Directly funded"
196,california_schools,schools.csv,DOC,District Ownership Code,District Ownership Code,text,"The District Ownership Code (DOC) is the numeric code used to identify the category of the Administrative Authority.
•       00 - County Office of Education
•       02 – State Board of Education
•       03 – Statewide Benefit Charter
•       31 – State Special Schools
•       34 – Non-school Location*
•       52 – Elementary School District
•       54 – Unified School District
•       56 – High School District
•       98 – Regional Occupational Center/Program (ROC/P)
commonsense evidence:
*Only the California Education Authority has been included in the non-school location category."
197,california_schools,schools.csv,DOCType,The District Ownership Code Type,The District Ownership Code Type is the text description of the DOC category.,text,(See text values in DOC field description above)
198,california_schools,schools.csv,SOC,School Ownership Code,The School Ownership Code is a numeric code used to identify the type of school.,text,"•      08 - Preschool      
•       09 – Special Education Schools (Public)
•      11 – Youth Authority Facilities (CEA)
•       13 – Opportunity Schools
•       14 – Juvenile Court Schools
•       15 – Other County or District Programs
•       31 – State Special Schools
•       60 – Elementary School (Public)
•       61 – Elementary School in 1 School District (Public)
•       62 – Intermediate/Middle Schools (Public)
•       63 – Alternative Schools of Choice
•       64 – Junior High Schools (Public)
•       65 – K-12 Schools (Public)
•       66 – High Schools (Public)
•       67 – High Schools in 1 School District (Public)
•       68 – Continuation High Schools
•       69 – District Community Day Schools
•       70 – Adult Education Centers
•       98 – Regional Occupational Center/Program (ROC/P)"
199,california_schools,schools.csv,SOCType,School Ownership Code Type,The School Ownership Code Type is the text description of the type of school.,text,The School Ownership Code Type is the text description of the type of school.
200,california_schools,schools.csv,EdOpsCode,Education Option Code,The Education Option Code is a short text description of the type of education offered.,text,"
•      ALTSOC – Alternative School of Choice
•      COMM – County Community School
•       COMMDAY – Community Day School
•       CON – Continuation School
•       JUV – Juvenile Court School
•       OPP – Opportunity School
•       YTH – Youth Authority School
•       SSS – State Special School
•       SPEC – Special Education School
•       TRAD – Traditional
•       ROP – Regional Occupational Program
•       HOMHOS – Home and Hospital
•       SPECON – District Consortia Special Education School"
201,california_schools,schools.csv,EdOpsName,Educational Option Name,Educational Option Name,text,The Educational Option Name is the long text description of the type of education being offered.
202,california_schools,schools.csv,EILCode,Educational Instruction Level Code,The Educational Instruction Level Code is a short text description of the institution's type relative to the grade range served.,text,"•       A – Adult
•       ELEM – Elementary
•       ELEMHIGH – Elementary-High Combination
•       HS – High School
•       INTMIDJR – Intermediate/Middle/Junior High
•       PS – Preschool
•       UG – Ungraded"
203,california_schools,schools.csv,EILName,Educational Instruction Level Name ,The Educational Instruction Level Name is the long text description of the institution’s type relative to the grade range served.,text,The Educational Instruction Level Name is the long text description of the institution’s type relative to the grade range served.
204,california_schools,schools.csv,GSoffered,grade span offered,"The grade span offered is the lowest grade and the highest grade offered or supported by the school, district, or administrative authority. This field might differ from the grade span served as reported in the most recent certified California Longitudinal Pupil Achievement (CALPADS) Fall 1 data collection.",text,"For example XYZ School might display the following data:

GSoffered = P–Adult

GSserved = K–12"
205,california_schools,schools.csv,GSserved,grade span served.,It is the lowest grade and the highest grade of student enrollment as reported in the most recent certified CALPADS Fall 1 data collection. Only K–12 enrollment is reported through CALPADS. This field may differ from the grade span offered.,text,"commonsense evidence:

1.     Only K–12 enrollment is reported through CALPADS

2.     Note: Special programs at independent study, alternative education, and special education schools will often exceed the typical grade span for schools of that type"
206,california_schools,schools.csv,Virtual,,"This field identifies the type of virtual instruction offered by the school. Virtual instruction is instruction in which students and teachers are separated by time and/or location, and interaction occurs via computers and/or telecommunications technologies. ",text,"The field is coded as follows:

·       F = Exclusively Virtual – The school has no physical building where students meet with each other or with teachers, all instruction is virtual.

·       V = Primarily Virtual – The school focuses on a systematic program of virtual instruction but includes some physical meetings among students or with teachers.

·       C = Primarily Classroom – The school offers virtual courses but virtual instruction is not the primary means of instruction.

·       N = Not Virtual – The school does not offer any virtual instruction.

·       P = Partial Virtual – The school offers some, but not all, instruction through virtual instruction. Note: This value was retired and replaced with the Primarily Virtual and Primarily Classroom values beginning with the 2016–17 school year."
207,california_schools,schools.csv,Magnet,,This field identifies whether a school is a magnet school and/or provides a magnet program. ,text,"The field is coded as follows:

·       Y = Magnet - The school is a magnet school and/or offers a magnet program.

·       N = Not Magnet - The school is not a magnet school and/or does not offer a magnet program.

commonsense evidence:

Note: Preschools and adult education centers do not contain a magnet school indicator."
208,california_schools,schools.csv,Latitude,,"The angular distance (expressed in degrees) between the location of the school, district, or administrative authority and the equator measured north to south.",real,"The angular distance (expressed in degrees) between the location of the school, district, or administrative authority and the equator measured north to south."
209,california_schools,schools.csv,Longitude,,"The angular distance (expressed in degrees) between the location of the school, district, or administrative authority and the prime meridian (Greenwich, England) measured from west to east.",real,"The angular distance (expressed in degrees) between the location of the school, district, or administrative authority and the prime meridian (Greenwich, England) measured from west to east."
210,california_schools,schools.csv,AdmFName1,administrator's first name,administrator's first name,text,"The superintendent’s or principal’s first name.

commonsense evidence:

Only active and pending districts and schools will display administrator information, if applicable."
211,california_schools,schools.csv,AdmLName1,administrator's last name,administrator's last name,text,"The superintendent’s or principal’s last name.

commonsense evidence:
Only active and pending districts and schools will display administrator information, if applicable."
212,california_schools,schools.csv,AdmEmail1,administrator's email address,administrator's email address,text,"The superintendent’s or principal’s email address.

commonsense evidence:

Only active and pending districts and schools will display administrator information, if applicable."
213,california_schools,schools.csv,AdmFName2,,,text,SAME as 1
214,california_schools,schools.csv,AdmLName2,,,text,
215,california_schools,schools.csv,AdmEmail2,,,text,
216,california_schools,schools.csv,AdmFName3,,,text,not useful
217,california_schools,schools.csv,AdmLName3,,,text,not useful
218,california_schools,schools.csv,AdmEmail3,,,text,not useful
219,california_schools,schools.csv,LastUpdate,,,date,when is this record updated last time
220,california_schools,satscores.csv,cds,,California Department Schools,text,
221,california_schools,satscores.csv,rtype,,rtype,text,unuseful
222,california_schools,satscores.csv,sname,school name,school name,text,
223,california_schools,satscores.csv,dname,district name,district segment,text,
224,california_schools,satscores.csv,cname,county name,county name,text,
225,california_schools,satscores.csv,enroll12,enrollment (1st-12nd grade),enrollment (1st-12nd grade),integer,
226,california_schools,satscores.csv,NumTstTakr,Number of Test Takers,Number of Test Takers in this school,integer,number of test takers in each school
227,california_schools,satscores.csv,AvgScrRead,average scores in Reading,average scores in Reading,integer,average scores in Reading
228,california_schools,satscores.csv,AvgScrMath,average scores in Math,average scores in Math,integer,average scores in Math
229,california_schools,satscores.csv,AvgScrWrite,average scores in writing,average scores in writing,integer,average scores in writing
230,california_schools,satscores.csv,NumGE1500,Number of Test Takers Whose Total SAT Scores Are Greater or Equal to 1500,Number of Test Takers Whose Total SAT Scores Are Greater or Equal to 1500,integer,"Number of Test Takers Whose Total SAT Scores Are Greater or Equal to 1500

commonsense evidence:

Excellence Rate = NumGE1500 / NumTstTakr"
231,california_schools,frpm.csv,CDSCode,,CDSCode,integer,
232,california_schools,frpm.csv,Academic Year,,Academic Year,integer ,
233,california_schools,frpm.csv,County Code,,County Code,integer,
234,california_schools,frpm.csv,District Code,,District Code,integer,
235,california_schools,frpm.csv,School Code ,,School Code,integer,
236,california_schools,frpm.csv,County Name,,County Code ,text,
237,california_schools,frpm.csv,District Name ,,District Name ,text,
238,california_schools,frpm.csv,School Name,,School Name ,text,
239,california_schools,frpm.csv,District Type,,District Type,text,
240,california_schools,frpm.csv,School Type ,,School Type ,text,
241,california_schools,frpm.csv,Educational Option Type,,Educational Option Type,text,
242,california_schools,frpm.csv,NSLP Provision Status,,NSLP Provision Status,text,
243,california_schools,frpm.csv,Charter School (Y/N),,Charter School (Y/N),integer,"0: N;
1: Y"
244,california_schools,frpm.csv,Charter School Number,,Charter School Number,text,
245,california_schools,frpm.csv,Charter Funding Type,,Charter Funding Type,text,
246,california_schools,frpm.csv,IRC,,,integer,Not useful
247,california_schools,frpm.csv,Low Grade,,Low Grade,text,
248,california_schools,frpm.csv,High Grade,,High Grade,text,
249,california_schools,frpm.csv,Enrollment (K-12),,Enrollment (K-12),real,"commonsense evidence:

K-12: 1st grade - 12nd grade "
250,california_schools,frpm.csv,Free Meal Count (K-12),,Free Meal Count (K-12),real,"commonsense evidence:

eligible free rate = Free Meal Count / Enrollment"
251,california_schools,frpm.csv,Percent (%) Eligible Free (K-12),,,real,
252,california_schools,frpm.csv,FRPM Count (K-12),,Free or Reduced Price Meal Count (K-12),real,"commonsense evidence:

eligible FRPM rate = FRPM / Enrollment"
253,california_schools,frpm.csv,Percent (%) Eligible FRPM (K-12),,,real,
254,california_schools,frpm.csv,Enrollment (Ages 5-17),,Enrollment (Ages 5-17),real,
255,california_schools,frpm.csv,Free Meal Count (Ages 5-17),,Free Meal Count (Ages 5-17),real,"commonsense evidence:

eligible free rate = Free Meal Count / Enrollment"
256,california_schools,frpm.csv, Percent (%) Eligible Free (Ages 5-17),,,real,
257,california_schools,frpm.csv,FRPM Count (Ages 5-17),,,real,
258,california_schools,frpm.csv,Percent (%) Eligible FRPM (Ages 5-17),,,real,
259,california_schools,frpm.csv,2013-14 CALPADS Fall 1 Certification Status,,2013-14 CALPADS Fall 1 Certification Status,integer,
260,card_games,ruling.csv,id,,unique id identifying this ruling,integer,
261,card_games,ruling.csv,date,,date ,date,
262,card_games,ruling.csv,text,,description about this ruling,text,
263,card_games,ruling.csv,uuid,,,text,
264,card_games,set_transactions.csv,id,,unique id identifying this set,integer,
265,card_games,set_transactions.csv,language,,language of this card,text,
266,card_games,set_transactions.csv,setCode,set code,the set code for this set,text,
267,card_games,set_transactions.csv,translation,,translation of this card,text,
268,card_games,legalities.csv,id,,unique id identifying this legality,integer,
269,card_games,legalities.csv,format,,format of play,text,each value refers to different rules to play
270,card_games,legalities.csv,status,,,text,"• legal
• banned
• restricted"
271,card_games,legalities.csv,uuid,,,text,
272,card_games,cards.csv,id,unique id number identifying the cards,,integer,
273,card_games,cards.csv,artist,,The name of the artist that illustrated the card art.,text,
274,card_games,cards.csv,asciiName,ascii Name,The ASCII(opens new window) (Basic/128) code formatted card name with no special unicode characters.,text,
275,card_games,cards.csv,availability,,A list of the card's available printing types.,text,"""arena"", ""dreamcast"", ""mtgo"", ""paper"", ""shandalar"""
276,card_games,cards.csv,borderColor,border Color,The color of the card border.,text,"""black"", ""borderless"", ""gold"", ""silver"", ""white"""
277,card_games,cards.csv,cardKingdomFoilId,card Kingdom Foil Id,card Kingdom Foil Id,text,"commonsense evidence:
cardKingdomFoilId, when paired with cardKingdomId that is not Null, is incredibly powerful. "
278,card_games,cards.csv,cardKingdomId,card Kingdom Id,card Kingdom Id,text,A list of all the colors in the color indicator
279,card_games,cards.csv,colorIdentity,color Identity,"A list of all the colors found in manaCost, colorIndicator, and text",text,
280,card_games,cards.csv,colorIndicator,color Indicator,A list of all the colors in the color indicator (The symbol prefixed to a card's types).,text,
281,card_games,cards.csv,colors,,A list of all the colors in manaCost and colorIndicator. ,text,"Some cards may not have values, such as cards with ""Devoid"" in its text."
282,card_games,cards.csv,convertedManaCost,converted Mana Cost,The converted mana cost of the card. Use the manaValue property.,real,"if value is higher, it means that this card cost more converted mana "
283,card_games,cards.csv,duelDeck,duel Deck,The indicator for which duel deck the card is in.,text,
284,card_games,cards.csv,edhrecRank,rec Rank in edh,The card rank on EDHRec,integer,
285,card_games,cards.csv,faceConvertedManaCost,face Converted Mana Cost,The converted mana cost or mana value for the face for either half or part of the card. ,real,"if value is higher, it means that this card cost more converted mana for the face"
286,card_games,cards.csv,faceName,face Name,The name on the face of the card.,text,
287,card_games,cards.csv,flavorName,flavor Name,The promotional card name printed above the true card name on special cards that has no game function.,text,The promotional card name printed above the true card name on special cards that has no game function.
288,card_games,cards.csv,flavorText,flavor Text,The italicized text found below the rules text that has no game function.,text,The italicized text found below the rules text that has no game function.
289,card_games,cards.csv,frameEffects,frame Effects,The visual frame effects.,text,"""colorshifted"", ""companion"", ""compasslanddfc"", ""devoid"", ""draft"", ""etched"", ""extendedart"", ""fullart"", ""inverted"", ""legendary"", ""lesson"", ""miracle"", ""mooneldrazidfc"", ""nyxtouched"", ""originpwdfc"", ""showcase"", ""snow"", ""sunmoondfc"", ""textless"", ""tombstone"", ""waxingandwaningmoondfc"""
290,card_games,cards.csv,frameVersion,frame Version,The version of the card frame style.,text,"""1993"", ""1997"", ""2003"", ""2015"", ""future"""
291,card_games,cards.csv,hand,,The starting maximum hand size total modifier. ,text,"A + or - character precedes an integer. 
commonsense evidence:
positive maximum hand size: +1, +2, ....
negative maximum hand size: -1, ....
neural maximum hand size: 0...."
292,card_games,cards.csv,hasAlternativeDeckLimit,has Alternative Deck Limit,If the card allows a value other than 4 copies in a deck.,integer,0: disallow 1: allow
293,card_games,cards.csv,hasContentWarning,has Content Warning,If the card marked by Wizards of the Coast (opens new window) for having sensitive content. See this official article (opens new window) for more information.,integer,"0: doesn't have 1: has sensitve content or Wizards of the Coast
commonsense evidence:
Cards with this property may have missing or degraded properties and values. "
294,card_games,cards.csv,hasFoil,has Foil,If the card can be found in foil,integer,0: cannot be found 1: can be found
295,card_games,cards.csv,hasNonFoil,has Non Foil,If the card can be found in non-foil,integer,0: cannot be found 1: can be found
296,card_games,cards.csv,isAlternative,is Alternative,If the card is an alternate variation to an original printing,integer,0: is not 1: is
297,card_games,cards.csv,isFullArt,is Full Art,If the card has full artwork.,integer,"0: doesn't have, 1: has full artwork"
298,card_games,cards.csv,isOnlineOnly,is Online Only,If the card is only available in online game variations.,integer,0: is not 1: is
299,card_games,cards.csv,isOversized,is Oversized,If the card is oversized.,integer,0: is not 1: is
300,card_games,cards.csv,isPromo,is Promotion,If the card is a promotional printing.,integer,0: is not 1: is
301,card_games,cards.csv,isReprint,is Reprint,If the card has been reprinted.,integer,0: has not 1: has not been
302,card_games,cards.csv,isReserved,is Reserved,If the card is on the Magic: The Gathering Reserved List (opens new window),integer,"If the card is on the Magic, it will appear in The Gathering Reserved List"
303,card_games,cards.csv,isStarter,is Starter,If the card is found in a starter deck such as Planeswalker/Brawl decks.,integer,0: is not 1: is
304,card_games,cards.csv,isStorySpotlight,is Story Spotlight,If the card is a Story Spotlight card.,integer,0: is not 1: is
305,card_games,cards.csv,isTextless,is Text less,If the card does not have a text box.,integer,"commonsense evidence:
0: has a text box;
1: doesn't have a text box;"
306,card_games,cards.csv,isTimeshifted,is Time shifted,If the card is time shifted,integer,"commonsense evidence:
If the card is ""timeshifted"", a feature of certain sets where a card will have a different frameVersion."
307,card_games,cards.csv,keywords,,A list of keywords found on the card.,text,
308,card_games,cards.csv,layout,,"The type of card layout. For a token card, this will be ""token""",text,
309,card_games,cards.csv,leadershipSkills,leadership Skills,A list of formats the card is legal to be a commander in,text,
310,card_games,cards.csv,life,,The starting life total modifier. A plus or minus character precedes an integer.,text,
311,card_games,cards.csv,loyalty,,The starting loyalty value of the card.,text,"Used only on cards with ""Planeswalker"" in its types. empty means unkown"
312,card_games,cards.csv,manaCost,mana Cost ,The mana cost of the card wrapped in brackets for each value.,text,"commonsense evidence:
manaCost is unconverted mana cost"
313,card_games,cards.csv,mcmId,,,text,NOT USEFUL
314,card_games,cards.csv,mcmMetaId,,,text,NOT USEFUL
315,card_games,cards.csv,mtgArenaId,,,text,NOT USEFUL
316,card_games,cards.csv,mtgjsonV4Id,,,text,NOT USEFUL
317,card_games,cards.csv,mtgoFoilId,,,text,NOT USEFUL
318,card_games,cards.csv,mtgoId,,,text,NOT USEFUL
319,card_games,cards.csv,multiverseId,,,text,NOT USEFUL
320,card_games,cards.csv,name,,The name of the card.,text,"Cards with multiple faces, like ""Split"" and ""Meld"" cards are given a delimiter."
321,card_games,cards.csv,number,,The number of the card,text,
322,card_games,cards.csv,originalReleaseDate,,original Release Date,text,"The original release date in ISO 8601(opens new window) format for a promotional card printed outside of a cycle window, such as Secret Lair Drop promotions."
323,card_games,cards.csv,originalText,,original Text,text,The text on the card as originally printed.
324,card_games,cards.csv,originalType,,original Type,text,The type of the card as originally printed. Includes any supertypes and subtypes.
325,card_games,cards.csv,otherFaceIds,,other Face Ids,text,"A list of card UUID's to this card's counterparts, such as transformed or melded faces."
326,card_games,cards.csv,power,,The power of the card.,text,"commonsense evidence:
∞ means infinite power
null or * refers to unknown power"
327,card_games,cards.csv,printings,,"A list of set printing codes the card was printed in, formatted in uppercase.",text,
328,card_games,cards.csv,promoTypes,promo Types,A list of promotional types for a card.,text,"""arenaleague"", ""boosterfun"", ""boxtopper"", ""brawldeck"", ""bundle"", ""buyabox"", ""convention"", ""datestamped"", ""draculaseries"", ""draftweekend"", ""duels"", ""event"", ""fnm"", ""gameday"", ""gateway"", ""giftbox"", ""gilded"", ""godzillaseries"", ""instore"", ""intropack"", ""jpwalker"", ""judgegift"", ""league"", ""mediainsert"", ""neonink"", ""openhouse"", ""planeswalkerstamped"", ""playerrewards"", ""playpromo"", ""premiereshop"", ""prerelease"", ""promopack"", ""release"", ""setpromo"", ""stamped"", ""textured"", ""themepack"", ""thick"", ""tourney"", ""wizardsplaynetwork"""
329,card_games,cards.csv,purchaseUrls,purchase Urls,Links that navigate to websites where the card can be purchased.,text,
330,card_games,cards.csv,rarity,,The card printing rarity.,text,
331,card_games,cards.csv,scryfallId,,,text,NOT USEFUL
332,card_games,cards.csv,scryfallIllustrationId,,,text,NOT USEFUL
333,card_games,cards.csv,scryfallOracleId,,,text,NOT USEFUL
334,card_games,cards.csv,setCode,Set Code,The set printing code that the card is from.,text,
335,card_games,cards.csv,side,,The identifier of the card side. ,text,"Used on cards with multiple faces on the same card.
commonsense evidence:
if this value is empty, then it means this card doesn't have multiple faces on the same card."
336,card_games,cards.csv,subtypes,,A list of card subtypes found after em-dash.,text,
337,card_games,cards.csv,supertypes,super types,A list of card supertypes found before em-dash.,text,"commonsense evidence:
list of all types should be the union of subtypes and supertypes"
338,card_games,cards.csv,tcgplayerProductId,tcg player ProductId,,text,
339,card_games,cards.csv,text,,The rules text of the card.,text,
340,card_games,cards.csv,toughness,,The toughness of the card.,text,
341,card_games,cards.csv,type,,"The type of the card as visible, including any supertypes and subtypes.",text,"""Artifact"", ""Card"", ""Conspiracy"", ""Creature"", ""Dragon"", ""Dungeon"", ""Eaturecray"", ""Elemental"", ""Elite"", ""Emblem"", ""Enchantment"", ""Ever"", ""Goblin"", ""Hero"", ""Instant"", ""Jaguar"", ""Knights"", ""Land"", ""Phenomenon"", ""Plane"", ""Planeswalker"", ""Scariest"", ""Scheme"", ""See"", ""Sorcery"", ""Sticker"", ""Summon"", ""Token"", ""Tribal"", ""Vanguard"", ""Wolf"", ""You’ll"", ""instant"""
342,card_games,cards.csv,types,,"A list of all card types of the card, including Un‑sets and gameplay variants.",text,
343,card_games,cards.csv,uuid,,The universal unique identifier (v5) generated by MTGJSON. Each entry is unique.,text,NOT USEFUL
344,card_games,cards.csv,variations,,,text,
345,card_games,cards.csv,watermark,,The name of the watermark on the card.,text,
346,card_games,sets.csv,id,,unique id identifying this set,integer,
347,card_games,sets.csv,baseSetSize,base Set Size,The number of cards in the set.,integer,
348,card_games,sets.csv,block,,The block name the set was in.,text,
349,card_games,sets.csv,booster,,A breakdown of possibilities and weights of cards in a booster pack.,text,
350,card_games,sets.csv,code,,The set code for the set.,text,
351,card_games,sets.csv,isFoilOnly,is Foil Only,If the set is only available in foil.,integer,
352,card_games,sets.csv,isForeignOnly,is Foreign Only,If the set is available only outside the United States of America.,integer,
353,card_games,sets.csv,isNonFoilOnly,is Non Foil Only,If the set is only available in non-foil.,integer,
354,card_games,sets.csv,isOnlineOnly,is Online Only,If the set is only available in online game variations.,integer,
355,card_games,sets.csv,isPartialPreview,is Partial Preview,If the set is still in preview (spoiled). Preview sets do not have complete data.,integer,
356,card_games,sets.csv,keyruneCode,keyrune Code,The matching Keyrune code for set image icons.,text,
357,card_games,sets.csv,mcmId,magic card market id,The Magic Card Marketset identifier.,integer,
358,card_games,sets.csv,mcmIdExtras,magic card market ID Extras,The split Magic Card Market set identifier if a set is printed in two sets. This identifier represents the second set's identifier.,integer,
359,card_games,sets.csv,mcmName,magic card market name ,,text,
360,card_games,sets.csv,mtgoCode,magic the gathering online code,The set code for the set as it appears on Magic: The Gathering Online,text,"commonsense evidence:
if the value is null or empty, then it doesn't appear on Magic: The Gathering Online"
361,card_games,sets.csv,name,,The name of the set.,text,
362,card_games,sets.csv,parentCode,parent Code,"The parent set code for set variations like promotions, guild kits, etc.",text,
363,card_games,sets.csv,releaseDate,release Date,The release date in ISO 8601 format for the set.,date,
364,card_games,sets.csv,tcgplayerGroupId,tcg player Group Id,The group identifier of the set on TCGplayer,integer,
365,card_games,sets.csv,totalSetSize,total Set Size,"The total number of cards in the set, including promotional and related supplemental products but excluding Alchemy modifications - however those cards are included in the set itself.",integer,
366,card_games,sets.csv,type,,The expansion type of the set.,text,"""alchemy"", ""archenemy"", ""arsenal"", ""box"", ""commander"", ""core"", ""draft_innovation"", ""duel_deck"", ""expansion"", ""from_the_vault"", ""funny"", ""masterpiece"", ""masters"", ""memorabilia"", ""planechase"", ""premium_deck"", ""promo"", ""spellbook"", ""starter"", ""token"", ""treasure_chest"", ""vanguard"""
367,card_games,foreign_data.csv,id,,unique id number identifying this row of data,integer,
368,card_games,foreign_data.csv,flavorText,flavor Text,The foreign flavor text of the card.,text,
369,card_games,foreign_data.csv,language,,The foreign language of card.,text,
370,card_games,foreign_data.csv,multiverseid,,The foreign multiverse identifier of the card.,integer,
371,card_games,foreign_data.csv,name,,The foreign name of the card.,text,
372,card_games,foreign_data.csv,text,,The foreign text ruling of the card.,text,
373,card_games,foreign_data.csv,type,,The foreign type of the card. Includes any supertypes and subtypes.,text,
374,card_games,foreign_data.csv,uuid,,,text,
375,european_football_2,Player.csv,id,,the unique id for players,integer,
376,european_football_2,Player.csv,player_api_id,player api id,the id of the player api,integer,
377,european_football_2,Player.csv,player_name,player name,player name,text,
378,european_football_2,Player.csv,player_fifa_api_id,player federation international football association api id,the id of the player fifa api,integer,
379,european_football_2,Player.csv,birthday,,the player's birthday,text,"e.g. 1992-02-29 00:00:00 
commonsense reasoning: 
Player A is older than player B means that A's birthday is earlier than B's"
380,european_football_2,Player.csv,height,,the player's height,integer,
381,european_football_2,Player.csv,weight,,the player's weight,integer,
382,european_football_2,Match.csv,id,,the unique id for matches,integer,
383,european_football_2,Match.csv,country_id,country id,country id,integer,
384,european_football_2,Match.csv,league_id,league id,league id,integer,
385,european_football_2,Match.csv,season,,the season of the match,text,
386,european_football_2,Match.csv,stage,,the stage of the match,integer,
387,european_football_2,Match.csv,date,,the date of the match,text,e.g. 2008-08-17 00:00:00
388,european_football_2,Match.csv,match_api_id,match api id,the id of the match api,integer,
389,european_football_2,Match.csv,home_team_api_id,home team api id,the id of the home team api,integer,
390,european_football_2,Match.csv,away_team_api_id,away team api id,the id of the away team api,integer,
391,european_football_2,Match.csv,home_team_goal,home team goal,the goal of the home team,integer,
392,european_football_2,Match.csv,away_team_goal,away team goal,the goal of the away team,integer,
393,european_football_2,Match.csv,home_player_X1,,,,
394,european_football_2,Match.csv,home_player_X2,,,,
395,european_football_2,Match.csv,home_player_X3,,,,
396,european_football_2,Match.csv,home_player_X4,,,,
397,european_football_2,Match.csv,home_player_X5,,,,
398,european_football_2,Match.csv,home_player_X6,,,,
399,european_football_2,Match.csv,home_player_X7,,,,
400,european_football_2,Match.csv,home_player_X8,,,,
401,european_football_2,Match.csv,home_player_X9,,,,
402,european_football_2,Match.csv,home_player_X10,,,,
403,european_football_2,Match.csv,home_player_X11,,,,
404,european_football_2,Match.csv,away_player_X1,,,,
405,european_football_2,Match.csv,away_player_X2,,,,
406,european_football_2,Match.csv,away_player_X3,,,,
407,european_football_2,Match.csv,away_player_X4,,,,
408,european_football_2,Match.csv,away_player_X5,,,,
409,european_football_2,Match.csv,away_player_X6,,,,
410,european_football_2,Match.csv,away_player_X7,,,,
411,european_football_2,Match.csv,away_player_X8,,,,
412,european_football_2,Match.csv,away_player_X9,,,,
413,european_football_2,Match.csv,away_player_X10,,,,
414,european_football_2,Match.csv,away_player_X11,,,,
415,european_football_2,Match.csv,home_player_Y1,,,,
416,european_football_2,Match.csv,home_player_Y2,,,,
417,european_football_2,Match.csv,home_player_Y3,,,,
418,european_football_2,Match.csv,home_player_Y4,,,,
419,european_football_2,Match.csv,home_player_Y5,,,,
420,european_football_2,Match.csv,home_player_Y6,,,,
421,european_football_2,Match.csv,home_player_Y7,,,,
422,european_football_2,Match.csv,home_player_Y8,,,,
423,european_football_2,Match.csv,home_player_Y9,,,,
424,european_football_2,Match.csv,home_player_Y10,,,,
425,european_football_2,Match.csv,home_player_Y11,,,,
426,european_football_2,Match.csv,away_player_Y1,,,,
427,european_football_2,Match.csv,away_player_Y2,,,,
428,european_football_2,Match.csv,away_player_Y3,,,,
429,european_football_2,Match.csv,away_player_Y4,,,,
430,european_football_2,Match.csv,away_player_Y5,,,,
431,european_football_2,Match.csv,away_player_Y6,,,,
432,european_football_2,Match.csv,away_player_Y7,,,,
433,european_football_2,Match.csv,away_player_Y8,,,,
434,european_football_2,Match.csv,away_player_Y9,,,,
435,european_football_2,Match.csv,away_player_Y10,,,,
436,european_football_2,Match.csv,away_player_Y11,,,,
437,european_football_2,Match.csv,home_player_1,,,,
438,european_football_2,Match.csv,home_player_2,,,,
439,european_football_2,Match.csv,home_player_3,,,,
440,european_football_2,Match.csv,home_player_4,,,,
441,european_football_2,Match.csv,home_player_5,,,,
442,european_football_2,Match.csv,home_player_6,,,,
443,european_football_2,Match.csv,home_player_7,,,,
444,european_football_2,Match.csv,home_player_8,,,,
445,european_football_2,Match.csv,home_player_9,,,,
446,european_football_2,Match.csv,home_player_10,,,,
447,european_football_2,Match.csv,home_player_11,,,,
448,european_football_2,Match.csv,away_player_1,,,,
449,european_football_2,Match.csv,away_player_2,,,,
450,european_football_2,Match.csv,away_player_3,,,,
451,european_football_2,Match.csv,away_player_4,,,,
452,european_football_2,Match.csv,away_player_5,,,,
453,european_football_2,Match.csv,away_player_6,,,,
454,european_football_2,Match.csv,away_player_7,,,,
455,european_football_2,Match.csv,away_player_8,,,,
456,european_football_2,Match.csv,away_player_9,,,,
457,european_football_2,Match.csv,away_player_10,,,,
458,european_football_2,Match.csv,away_player_11,,,,
459,european_football_2,Match.csv,goal,,the goal of the match,text,
460,european_football_2,Match.csv,shoton,shot on,the shot on goal of the match,text,"commonsense reasoning: 
A shot on goal is a shot that enters the goal or would have entered the goal if it had not been blocked by the goalkeeper or another defensive player.
"
461,european_football_2,Match.csv,shotoff,shot off,"the shot off goal of the match, which is the opposite of shot on",text,
462,european_football_2,Match.csv,foulcommit,foul commit,the fouls occurred in the match,text,
463,european_football_2,Match.csv,card,,the cards given in the match,text,
464,european_football_2,Match.csv,cross,,Balls sent into the opposition team's area from a wide position in the match,text,
465,european_football_2,Match.csv,corner,,Ball goes out of play for a corner kick in the match,text,
466,european_football_2,Match.csv,possession,,The duration from a player taking over the ball in the match,text,
467,european_football_2,Match.csv,B365H,,,,
468,european_football_2,Match.csv,B365D,,,,
469,european_football_2,Match.csv,B365A,,,,
470,european_football_2,Match.csv,BWH,,,,
471,european_football_2,Match.csv,BWD,,,,
472,european_football_2,Match.csv,BWA,,,,
473,european_football_2,Match.csv,IWH,,,,
474,european_football_2,Match.csv,IWD,,,,
475,european_football_2,Match.csv,IWA,,,,
476,european_football_2,Match.csv,LBH,,,,
477,european_football_2,Match.csv,LBD,,,,
478,european_football_2,Match.csv,LBA,,,,
479,european_football_2,Match.csv,PSH,,,,
480,european_football_2,Match.csv,PSD,,,,
481,european_football_2,Match.csv,PSA,,,,
482,european_football_2,Match.csv,WHH,,,,
483,european_football_2,Match.csv,WHD,,,,
484,european_football_2,Match.csv,WHA,,,,
485,european_football_2,Match.csv,SJH,,,,
486,european_football_2,Match.csv,SJD,,,,
487,european_football_2,Match.csv,SJA,,,,
488,european_football_2,Match.csv,VCH,,,,
489,european_football_2,Match.csv,VCD,,,,
490,european_football_2,Match.csv,VCA,,,,
491,european_football_2,Match.csv,GBH,,,,
492,european_football_2,Match.csv,GBD,,,,
493,european_football_2,Match.csv,GBA,,,,
494,european_football_2,Match.csv,BSH,,,,
495,european_football_2,Match.csv,BSD,,,,
496,european_football_2,Match.csv,BSA,,,,
497,european_football_2,League.csv,id,,the unique id for leagues,integer,
498,european_football_2,League.csv,country_id,country id,the unique id for countries,integer,
499,european_football_2,League.csv,name,,league name,text,
500,european_football_2,Country.csv,id,,the unique id for countries,integer,
501,european_football_2,Country.csv,name,,country name,text,
502,european_football_2,Player_Attributes.csv,id,,the unique id for players,integer,
503,european_football_2,Player_Attributes.csv,player_fifa_api_id,player federation international football association api id,the id of the player fifa api,integer,
504,european_football_2,Player_Attributes.csv,player_api_id,player api id,the id of the player api,integer,
505,european_football_2,Player_Attributes.csv,date,,date,text,e.g. 2016-02-18 00:00:00
506,european_football_2,Player_Attributes.csv,overall_rating,,the overall rating of the player,integer,"commonsense reasoning: 
The rating is between 0-100 which is calculated by FIFA.
 Higher overall rating means the player has a stronger overall strength."
507,european_football_2,Player_Attributes.csv,potential,,potential of the player,integer,"commonsense reasoning: 
The potential score is between 0-100 which is calculated by FIFA.
 Higher potential score means that the player has more potential"
508,european_football_2,Player_Attributes.csv,preferred_foot,preferred foot,the player's preferred foot when attacking,text,right/ left
509,european_football_2,Player_Attributes.csv,attacking_work_rate,attacking work rate,the player's attacking work rate,text,"commonsense reasoning: 
 high: implies that the player is going to be in all of your attack moves
 medium: implies that the player will select the attack actions he will join in
 low: remain in his position while the team attacks "
510,european_football_2,Player_Attributes.csv,defensive_work_rate,,the player's defensive work rate,text,"commonsense reasoning: 
 high: remain in his position and defense while the team attacks 
 medium: implies that the player will select the defensive actions he will join in
 low: implies that the player is going to be in all of your attack moves instead of defensing"
511,european_football_2,Player_Attributes.csv,crossing,,the player's crossing score ,integer,"commonsense reasoning: 
Cross is a long pass into the opponent's goal towards the header of sixth-yard teammate.
 The crossing score is between 0-100 which measures the tendency/frequency of crosses in the box.
 Higher potential score means that the player performs better in crossing actions. "
512,european_football_2,Player_Attributes.csv,finishing,,the player's finishing rate,integer,0-100 which is calculated by FIFA
513,european_football_2,Player_Attributes.csv,heading_accuracy,heading accuracy,the player's heading accuracy,integer,0-100 which is calculated by FIFA
514,european_football_2,Player_Attributes.csv,short_passing,short passing,the player's short passing score,integer,0-100 which is calculated by FIFA
515,european_football_2,Player_Attributes.csv,volleys,,the player's volley score,integer,0-100 which is calculated by FIFA
516,european_football_2,Player_Attributes.csv,dribbling,,the player's dribbling score,integer,0-100 which is calculated by FIFA
517,european_football_2,Player_Attributes.csv,curve,,the player's curve score,integer,0-100 which is calculated by FIFA
518,european_football_2,Player_Attributes.csv,free_kick_accuracy,free kick accuracy,the player's free kick accuracy,integer,0-100 which is calculated by FIFA
519,european_football_2,Player_Attributes.csv,long_passing,long passing,the player's long passing score,integer,0-100 which is calculated by FIFA
520,european_football_2,Player_Attributes.csv,ball_control,ball control,the player's ball control score,integer,0-100 which is calculated by FIFA
521,european_football_2,Player_Attributes.csv,acceleration,,the player's acceleration score,integer,0-100 which is calculated by FIFA
522,european_football_2,Player_Attributes.csv,sprint_speed,sprint speed,"the player's sprint speed
",integer,0-100 which is calculated by FIFA
523,european_football_2,Player_Attributes.csv,agility,,the player's agility,integer,0-100 which is calculated by FIFA
524,european_football_2,Player_Attributes.csv,reactions,,the player's reactions score,integer,0-100 which is calculated by FIFA
525,european_football_2,Player_Attributes.csv,balance,,the player's balance score,integer,0-100 which is calculated by FIFA
526,european_football_2,Player_Attributes.csv,shot_power,shot power,the player's shot power,integer,0-100 which is calculated by FIFA
527,european_football_2,Player_Attributes.csv,jumping,,the player's jumping score,integer,0-100 which is calculated by FIFA
528,european_football_2,Player_Attributes.csv,stamina,,the player's stamina score,integer,0-100 which is calculated by FIFA
529,european_football_2,Player_Attributes.csv,strength,,the player's strength score,integer,0-100 which is calculated by FIFA
530,european_football_2,Player_Attributes.csv,long_shots,long shots,the player's long shots score,integer,0-100 which is calculated by FIFA
531,european_football_2,Player_Attributes.csv,aggression,,the player's aggression score,integer,0-100 which is calculated by FIFA
532,european_football_2,Player_Attributes.csv,interceptions,,the player's interceptions score,integer,0-100 which is calculated by FIFA
533,european_football_2,Player_Attributes.csv,positioning,,"the player's 
positioning score
",integer,0-100 which is calculated by FIFA
534,european_football_2,Player_Attributes.csv,vision,,"the player's vision score
",integer,0-100 which is calculated by FIFA
535,european_football_2,Player_Attributes.csv,penalties,,"the player's penalties score
",integer,0-100 which is calculated by FIFA
536,european_football_2,Player_Attributes.csv,marking,,the player's markingscore,integer,0-100 which is calculated by FIFA
537,european_football_2,Player_Attributes.csv,standing_tackle,standing tackle,the player's standing tackle score,integer,0-100 which is calculated by FIFA
538,european_football_2,Player_Attributes.csv,sliding_tackle,sliding tackle,the player's sliding tackle score,integer,0-100 which is calculated by FIFA
539,european_football_2,Player_Attributes.csv,gk_diving,goalkeep diving,the player's goalkeep diving score,integer,0-100 which is calculated by FIFA
540,european_football_2,Player_Attributes.csv,gk_handling,goalkeep handling,the player's goalkeep diving score,integer,0-100 which is calculated by FIFA
541,european_football_2,Player_Attributes.csv,gk_kicking,goalkeep kicking,the player's goalkeep kicking score,integer,0-100 which is calculated by FIFA
542,european_football_2,Player_Attributes.csv,gk_positioning,goalkeep positioning,the player's goalkeep positioning score,integer,0-100 which is calculated by FIFA
543,european_football_2,Player_Attributes.csv,gk_reflexes,goalkeep reflexes,the player's goalkeep reflexes score,integer,0-100 which is calculated by FIFA
544,european_football_2,Team.csv,id,,the unique id for teams,integer,
545,european_football_2,Team.csv,team_api_id,team api id,the id of the team api,integer,
546,european_football_2,Team.csv,team_fifa_api_id,team federation international football association api id,the id of the team fifa api,integer,
547,european_football_2,Team.csv,team_long_name,team long name,the team's long name,text,
548,european_football_2,Team.csv,team_short_name,team short name,the team's short name,text,
549,european_football_2,Team_Attributes.csv,id,,the unique id for teams,integer,
550,european_football_2,Team_Attributes.csv,team_fifa_api_id,team federation international football association api id,the id of the team fifa api,integer,
551,european_football_2,Team_Attributes.csv,team_api_id,team api id,the id of the team api,integer,
552,european_football_2,Team_Attributes.csv,date,,Date,text,e.g. 2010-02-22 00:00:00
553,european_football_2,Team_Attributes.csv,buildUpPlaySpeed,build Up Play Speed,the speed in which attacks are put together ,integer,the score which is between 1-00 to measure the team's attack speed
554,european_football_2,Team_Attributes.csv,buildUpPlaySpeedClass,build Up Play Speed Class,the speed class,text,"commonsense reasoning: 
 Slow: 1-33
 Balanced: 34-66
 Fast: 66-100"
555,european_football_2,Team_Attributes.csv,buildUpPlayDribbling,build Up Play Dribbling,the tendency/ frequency of dribbling,integer,
556,european_football_2,Team_Attributes.csv,buildUpPlayDribblingClass,build Up Play Dribbling Class,the dribbling class,text,"commonsense reasoning: 
 Little: 1-33
 Normal: 34-66
 Lots: 66-100"
557,european_football_2,Team_Attributes.csv,buildUpPlayPassing,build Up Play Passing,affects passing distance and support from teammates,integer,
558,european_football_2,Team_Attributes.csv,buildUpPlayPassingClass,build Up Play Passing Class,the passing class,text,"commonsense reasoning: 
 Short: 1-33
 Mixed: 34-66
 Long: 66-100"
559,european_football_2,Team_Attributes.csv,buildUpPlayPositioningClass,build Up Play Positioning Class,A team's freedom of movement in the 1st two thirds of the pitch,text,Organised / Free Form
560,european_football_2,Team_Attributes.csv,chanceCreationPassing,chance Creation Passing,Amount of risk in pass decision and run support,integer,
561,european_football_2,Team_Attributes.csv,chanceCreationPassingClass,chance Creation Passing Class,the chance creation passing class,text,"commonsense reasoning: 
 Safe: 1-33
 Normal: 34-66
 Risky: 66-100"
562,european_football_2,Team_Attributes.csv,chanceCreationCrossing,chance Creation Crossing,The tendency / frequency of crosses into the box,integer,
563,european_football_2,Team_Attributes.csv,chanceCreationCrossingClass,chance Creation Crossing Class,the chance creation crossing class,text,"commonsense reasoning: 
 Little: 1-33
 Normal: 34-66
 Lots: 66-100"
564,european_football_2,Team_Attributes.csv,chanceCreationShooting,chance Creation Shooting,The tendency / frequency of shots taken,integer,
565,european_football_2,Team_Attributes.csv,chanceCreationShootingClass,chance Creation Shooting Class,the chance creation shooting class,text,"commonsense reasoning: 
 Little: 1-33
 Normal: 34-66
 Lots: 66-100"
566,european_football_2,Team_Attributes.csv,chanceCreationPositioningClass,chance Creation Positioning Class,A teams freedom of movement in the final third of the pitch,text,Organised / Free Form
567,european_football_2,Team_Attributes.csv,defencePressure,defence Pressure,Affects how high up the pitch the team will start pressuring,integer,
568,european_football_2,Team_Attributes.csv,defencePressureClass,defence Pressure Class,the defence pressure class,text,"commonsense reasoning: 
 Deep: 1-33
 Medium: 34-66
 High: 66-100"
569,european_football_2,Team_Attributes.csv,defenceAggression,defence Aggression,Affect the teams approach to tackling the ball possessor,integer,
570,european_football_2,Team_Attributes.csv,defenceAggressionClass,defence Aggression Class,the defence aggression class,text,"commonsense reasoning: 
 Contain: 1-33
 Press: 34-66
 Double: 66-100"
571,european_football_2,Team_Attributes.csv,defenceTeamWidth,defence Team Width,Affects how much the team will shift to the ball side,integer,
572,european_football_2,Team_Attributes.csv,defenceTeamWidthClass,defence Team Width Class,the defence team width class,text,"commonsense reasoning: 
 Narrow: 1-33
 Normal: 34-66
 Wide: 66-100"
573,european_football_2,Team_Attributes.csv,defenceDefenderLineClass,defence Defender Line Class,Affects the shape and strategy of the defence,text,Cover/ Offside Trap
574,thrombosis_prediction,Laboratory.csv,ID,,identification of the patient,integer,
575,thrombosis_prediction,Laboratory.csv,Date,,Date of the laboratory tests (YYMMDD),date,
576,thrombosis_prediction,Laboratory.csv,GOT,AST glutamic oxaloacetic transaminase,AST glutamic oxaloacetic transaminase,integer,"Commonsense evidence:

Normal range: N < 60"
577,thrombosis_prediction,Laboratory.csv,GPT,ALT glutamic pyruvic transaminase,ALT glutamic pyruvic transaminase,integer,"Commonsense evidence:

Normal range: N < 60"
578,thrombosis_prediction,Laboratory.csv,LDH,lactate dehydrogenase,lactate dehydrogenase,integer,"Commonsense evidence:

Normal range: N < 500"
579,thrombosis_prediction,Laboratory.csv,ALP,alkaliphophatase,alkaliphophatase,integer,"Commonsense evidence:

Normal range: N < 300"
580,thrombosis_prediction,Laboratory.csv,TP,total protein,total protein,real,"Commonsense evidence:

Normal range: 6.0 < N < 8.5"
581,thrombosis_prediction,Laboratory.csv,ALB,albumin,albumin,real,"Commonsense evidence:

Normal range: 3.5 < N < 5.5"
582,thrombosis_prediction,Laboratory.csv,UA,uric acid,uric acid,real,"Commonsense evidence:

Normal range: N > 8.0 (Male)N > 6.5 (Female)"
583,thrombosis_prediction,Laboratory.csv,UN,urea nitrogen,urea nitrogen,integer,"Commonsense evidence:

Normal range: N < 30"
584,thrombosis_prediction,Laboratory.csv,CRE,creatinine,creatinine,real,"Commonsense evidence:

Normal range: N < 1.5"
585,thrombosis_prediction,Laboratory.csv,T-BIL,total bilirubin,total bilirubin,real,"Commonsense evidence:

Normal range: N < 2.0"
586,thrombosis_prediction,Laboratory.csv,T-CHO,total cholesterol,total cholesterol,integer,"Commonsense evidence:
Normal range: N < 250"
587,thrombosis_prediction,Laboratory.csv,TG,triglyceride,triglyceride,integer,"Commonsense evidence:

Normal range: N < 200"
588,thrombosis_prediction,Laboratory.csv,CPK,creatinine phosphokinase,creatinine phosphokinase,integer,"Commonsense evidence:
Normal range: N < 250"
589,thrombosis_prediction,Laboratory.csv,GLU,blood glucose,blood glucose,integer,"Commonsense evidence:
Normal range: N < 180"
590,thrombosis_prediction,Laboratory.csv,WBC,White blood cell,White blood cell,real,"Commonsense evidence:
Normal range: 3.5 < N < 9.0"
591,thrombosis_prediction,Laboratory.csv,RBC,Red blood cell,Red blood cell,real,"Commonsense evidence:

Normal range: 3.5 < N < 6.0"
592,thrombosis_prediction,Laboratory.csv,HGB,Hemoglobin,Hemoglobin,real,"Commonsense evidence:

Normal range: 10 < N < 17"
593,thrombosis_prediction,Laboratory.csv,HCT,Hematoclit,Hematoclit,real,"Commonsense evidence:
Normal range: 29 < N < 52"
594,thrombosis_prediction,Laboratory.csv,PLT,platelet,platelet,integer,"Commonsense evidence:

Normal range: 100 < N < 400"
595,thrombosis_prediction,Laboratory.csv,PT,prothrombin time,prothrombin time,real,"Commonsense evidence:

Normal range: N < 14"
596,thrombosis_prediction,Laboratory.csv,APTT,activated partial prothrombin time,activated partial prothrombin time,integer,"Commonsense evidence:

Normal range: N < 45"
597,thrombosis_prediction,Laboratory.csv,FG,fibrinogen,fibrinogen,real,"Commonsense evidence:

Normal range: 150 < N < 450"
598,thrombosis_prediction,Laboratory.csv,PIC,,,,
599,thrombosis_prediction,Laboratory.csv,TAT,,,,
600,thrombosis_prediction,Laboratory.csv,TAT2,,,,
601,thrombosis_prediction,Laboratory.csv,U-PRO,proteinuria,proteinuria,text,"Commonsense evidence:

Normal range: 0 < N < 30"
602,thrombosis_prediction,Laboratory.csv,IGG,Ig G,Ig G,integer,"Commonsense evidence:

Normal range: 900 < N < 2000"
603,thrombosis_prediction,Laboratory.csv,IGA,Ig A,Ig A,integer,"Commonsense evidence:

Normal range: 80 < N < 500"
604,thrombosis_prediction,Laboratory.csv,IGM,Ig M,Ig M,integer,"Commonsense evidence:

Normal range: 40 < N < 400"
605,thrombosis_prediction,Laboratory.csv,CRP,C-reactive protein,C-reactive protein,text,"Commonsense evidence:

Normal range: N= -, +-, or N < 1.0"
606,thrombosis_prediction,Laboratory.csv,RA,Rhuematoid Factor,Rhuematoid Factor,text,"Commonsense evidence:

Normal range: N= -, +-"
607,thrombosis_prediction,Laboratory.csv,RF,RAHA,RAHA,text,"Commonsense evidence:

Normal range: N < 20"
608,thrombosis_prediction,Laboratory.csv,C3,complement 3,complement 3,integer,"Commonsense evidence:

Normal range: N > 35"
609,thrombosis_prediction,Laboratory.csv,C4,complement 4,complement 4,integer,"Commonsense evidence:

Normal range: N > 10"
610,thrombosis_prediction,Laboratory.csv,RNP,anti-ribonuclear protein,anti-ribonuclear protein,text,"Commonsense evidence:

Normal range: N= -, +-"
611,thrombosis_prediction,Laboratory.csv,SM,anti-SM,anti-SM,text,"Commonsense evidence:

Normal range: N= -, +-"
612,thrombosis_prediction,Laboratory.csv,SC170,anti-scl70,anti-scl70,text,"Commonsense evidence:

Normal range: N= -, +-"
613,thrombosis_prediction,Laboratory.csv,SSA,anti-SSA,anti-SSA,text,"Commonsense evidence:

Normal range: N= -, +-"
614,thrombosis_prediction,Laboratory.csv,SSB,anti-SSB,anti-SSB,text,"Commonsense evidence:

Normal range: N= -, +-"
615,thrombosis_prediction,Laboratory.csv,CENTROMEA,anti-centromere,anti-centromere,text,"Commonsense evidence:

Normal range: N= -, +-"
616,thrombosis_prediction,Laboratory.csv,DNA,anti-DNA,anti-DNA,text,"Commonsense evidence:

Normal range: N < 8"
617,thrombosis_prediction,Laboratory.csv,DNA-II,anti-DNA,anti-DNA,integer,"Commonsense evidence:

Normal range: N < 8"
618,thrombosis_prediction,Patient.csv,ID,,identification of the patient,integer,
619,thrombosis_prediction,Patient.csv,SEX,,Sex,text,F: female; M: male
620,thrombosis_prediction,Patient.csv,Birthday,,Birthday,date,
621,thrombosis_prediction,Patient.csv,Description,,the first date when a patient data was recorded,date,null or empty: not recorded
622,thrombosis_prediction,Patient.csv,First Date,,the date when a patient came to the hospital,date,
623,thrombosis_prediction,Patient.csv,Admission,,patient was admitted to the hospital (+) or followed at the outpatient clinic (-),text,patient was admitted to the hospital (+) or followed at the outpatient clinic (-)
624,thrombosis_prediction,Patient.csv,Diagnosis,,disease names,text,
625,thrombosis_prediction,Examination.csv,ID,,identification of the patient,integer,
626,thrombosis_prediction,Examination.csv,Examination Date,,Examination Date,date ,
627,thrombosis_prediction,Examination.csv,aCL IgG,anti-Cardiolipin antibody (IgG) ,anti-Cardiolipin antibody (IgG) concentration,real,
628,thrombosis_prediction,Examination.csv,aCL IgM,anti-Cardiolipin antibody (IgM) ,anti-Cardiolipin antibody (IgM) concentration,real,
629,thrombosis_prediction,Examination.csv,ANA,anti-nucleus antibody ,anti-nucleus antibody concentration,integer,
630,thrombosis_prediction,Examination.csv,ANA Pattern,pattern observed in the sheet of ANA examination,pattern observed in the sheet of ANA examination,text,
631,thrombosis_prediction,Examination.csv,aCL IgA,anti-Cardiolipin antibody (IgA) concentration,anti-Cardiolipin antibody (IgA) concentration,integer,
632,thrombosis_prediction,Examination.csv,Diagnosis,,disease names,text,
633,thrombosis_prediction,Examination.csv,KCT,measure of degree of coagulation,measure of degree of coagulation,text,"+: positive

-: negative"
634,thrombosis_prediction,Examination.csv,RVVT,measure of degree of coagulation,measure of degree of coagulation,text,"+: positive

-: negative"
635,thrombosis_prediction,Examination.csv,LAC,measure of degree of coagulation,measure of degree of coagulation,text,"+: positive

-: negative"
636,thrombosis_prediction,Examination.csv,Symptoms,,other symptoms observed,text,
637,thrombosis_prediction,Examination.csv,Thrombosis,,degree of thrombosis,integer,"0: negative (no thrombosis)
1: positive (the most severe one)
2: positive (severe)3: positive (mild)"
638,toxicology,bond.csv,bond_id,,unique id representing bonds,text,"TRxxx_A1_A2:
TRXXX refers to which molecule
A1 and A2 refers to which atom"
639,toxicology,bond.csv,molecule_id,,identifying the molecule in which the bond appears,text,
640,toxicology,bond.csv,bond_type,,type of the bond,text,"commonsense evidence:
-: single bond
'=': double bond
'#': triple bond"
641,toxicology,molecule.csv,molecule_id,molecule id,unique id of molecule,text,"""+"" --> this molecule / compound is carcinogenic
'-' this molecule is not / compound carcinogenic"
642,toxicology,molecule.csv,label,,whether this molecule is carcinogenic or not,text,
643,toxicology,atom.csv,atom_id,atom id,the unique id of atoms,text,
644,toxicology,atom.csv,molecule_id,molecule id,identifying the molecule to which the atom belongs,text,"commonsense evidence:
TRXXX_i represents ith atom of molecule TRXXX"
645,toxicology,atom.csv,element,,the element of the toxicology ,text," cl: chlorine
 c: carbon
 h: hydrogen
 o: oxygen
 s: sulfur
 n: nitrogen
 p: phosphorus
 na: sodium
 br: bromine
 f: fluorine
 i: iodine
 sn: Tin
 pb: lead
 te: tellurium
 ca: Calcium"
646,toxicology,connected.csv,atom_id,atom id,id of the first atom,text,
647,toxicology,connected.csv,atom_id2,atom id 2,id of the second atom,text,
648,toxicology,connected.csv,bond_id,bond id,bond id representing bond between two atoms,text,
649,student_club,Income.csv,income_id,income id,A unique identifier for each record of income,text,
650,student_club,Income.csv,date_received,date received,the date that the fund received,text,
651,student_club,Income.csv,amount,,amount of funds,integer,the unit is dollar
652,student_club,Income.csv,source,,"A value indicating where the funds come from such as dues, or the annual university allocation",text,
653,student_club,Income.csv,notes,,A free-text value giving any needed details about the receipt of funds,text,
654,student_club,Income.csv,link_to_member,link to member,link to member,text,
655,student_club,Budget.csv,budget_id,budget id,A unique identifier for the budget entry,text,
656,student_club,Budget.csv,category,,"The area for which the amount is budgeted, such as, advertisement, food, parking",text,
657,student_club,Budget.csv,spent,,The total amount spent in the budgeted category for an event.,real,the unit is dollar. This is summarized from the Expense table
658,student_club,Budget.csv,remaining,,A value calculated as the amount budgeted minus the amount spent,real,"the unit is dollar 
commonsense evidence: If the remaining < 0, it means that the cost has exceeded the budget."
659,student_club,Budget.csv,amount,,The amount budgeted for the specified category and event,integer,"the unit is dollar 
commonsense evidence:
some computation like: amount = spent + remaining "
660,student_club,Budget.csv,event_status,event status,the status of the event,text,"Closed / Open/ Planning 
commonsense evidence: 
 Closed: It means that the event is closed. The spent and the remaining won't change anymore.
 Open: It means that the event is already opened. The spent and the remaining will change with new expenses.
 Planning: The event is not started yet but is planning. The spent and the remaining won't change at this stage. "
661,student_club,Budget.csv,link_to_event,link to event,The unique identifier of the event to which the budget line applies.,text,References the Event table
662,student_club,Zip_Code.csv,zip_code,zip code,The ZIP code itself. A five-digit number identifying a US post office.,integer,
663,student_club,Zip_Code.csv,type,,The kind of ZIP code,text,"commonsense evidence: 
� Standard: the normal codes with which most people are familiar 
� PO Box: zip codes have post office boxes 
� Unique: zip codes that are assigned to individual organizations."
664,student_club,Zip_Code.csv,city,,The city to which the ZIP pertains,text,
665,student_club,Zip_Code.csv,county,,The county to which the ZIP pertains,text,
666,student_club,Zip_Code.csv,state,,The name of the state to which the ZIP pertains,text,
667,student_club,Zip_Code.csv,short_state,short state,The abbreviation of the state to which the ZIP pertains,text,
668,student_club,Expense.csv,expense_id,expense id,unique id of income,text,
669,student_club,Expense.csv,expense_description,expense description,A textual description of what the money was spend for,text,
670,student_club,Expense.csv,expense_date,expense date,The date the expense was incurred,text,e.g. YYYY-MM-DD
671,student_club,Expense.csv,cost,,The dollar amount of the expense,real,the unit is dollar
672,student_club,Expense.csv,approved,,A true or false value indicating if the expense was approved,text,true/ false
673,student_club,Expense.csv,link_to_member,link to member,The member who incurred the expense,text,
674,student_club,Expense.csv,link_to_budget,link to budget,The unique identifier of the record in the Budget table that indicates the expected total expenditure for a given category and event. ,text,References the Budget table
675,student_club,Member.csv,member_id,member id,unique id of member,text,
676,student_club,Member.csv,first_name,first name,member's first name,text,
677,student_club,Member.csv,last_name,last name,member's last name,text,"commonsense evidence: 
full name is first_name + last_name. e.g. A member's first name is Angela and last name is Sanders. Thus, his/her full name is Angela Sanders."
678,student_club,Member.csv,email,,member's email,text,
679,student_club,Member.csv,position,,The position the member holds in the club,text,
680,student_club,Member.csv,t_shirt_size,,The size of tee shirt that member wants when shirts are ordered,text,commonsense evidence: usually the student ordered t-shirt with lager size has bigger body shape 
681,student_club,Member.csv,phone,,The best telephone at which to contact the member,text,
682,student_club,Member.csv,zip,,the zip code of the member's hometown,integer,
683,student_club,Member.csv,link_to_major,link to major,The unique identifier of the major of the member. References the Major table,text,
684,student_club,Attendance.csv,link_to_event,link to event,The unique identifier of the event which was attended,text,References the Event table
685,student_club,Attendance.csv,link_to_member,link to member,The unique identifier of the member who attended the event,text,References the Member table
686,student_club,Event.csv,event_id,event id,A unique identifier for the event,text,
687,student_club,Event.csv,event_name,event name,event name,text,
688,student_club,Event.csv,event_date,event date,The date the event took place or is scheduled to take place,text,e.g. 2020-03-10T12:00:00
689,student_club,Event.csv,type,,"The kind of event, such as game, social, election",text,
690,student_club,Event.csv,notes,,A free text field for any notes about the event,text,
691,student_club,Event.csv,location,,Address where the event was held or is to be held or the name of such a location,text,
692,student_club,Event.csv,status,,"One of three values indicating if the event is in planning, is opened, or is closed",text,Open/ Closed/ Planning
693,student_club,Major.csv,major_id,major id,A unique identifier for each major,text,
694,student_club,Major.csv,major_name,major name,major name,text,
695,student_club,Major.csv,department,,The name of the department that offers the major,text,
696,student_club,Major.csv,college,,The name college that houses the department that offers the major,text,
697,superhero,gender.csv,id,,the unique identifier of the gender,integer,
698,superhero,gender.csv,gender,,the gender of the superhero,text,
699,superhero,superpower.csv,id,,the unique identifier of the superpower,integer,
700,superhero,superpower.csv,power_name,power name,the superpower name,text,
701,superhero,publisher.csv,id,,the unique identifier of the publisher,integer,
702,superhero,publisher.csv,publisher_name,,the name of the publisher,text,
703,superhero,superhero.csv,id,,the unique identifier of the superhero,integer,
704,superhero,superhero.csv,superhero_name,superhero name,the name of the superhero,text,
705,superhero,superhero.csv,full_name,full name,the full name of the superhero,text,"commonsense evidence:
The full name of a person typically consists of their given name, also known as their first name or personal name, and their surname, also known as their last name or family name. For example, if someone's given name is ""John"" and their surname is ""Smith,"" their full name would be ""John Smith."""
706,superhero,superhero.csv,gender_id,gender id,the id of the superhero's gender,integer,
707,superhero,superhero.csv,eye_colour_id,eye colour id,the id of the superhero's eye color,integer,
708,superhero,superhero.csv,hair_colour_id,hair colour id,the id of the superhero's hair color,integer,
709,superhero,superhero.csv,skin_colour_id,skin colour id,the id of the superhero's skin color,integer,
710,superhero,superhero.csv,race_id,race id,the id of the superhero's race,integer,
711,superhero,superhero.csv,publisher_id,publisher id,the id of the publisher,integer,
712,superhero,superhero.csv,alignment_id,alignment id,the id of the superhero's alignment,integer,
713,superhero,superhero.csv,height_cm,height cm,the height of the superhero,integer,"commonsense evidence:
The unit of height is centimeter. If the height_cm is NULL or 0, it means the height of the superhero is missing. "
714,superhero,superhero.csv,weight_kg,weight kg,the weight of the superhero,integer,"commonsense evidence:
The unit of weight is kilogram. If the weight_kg is NULL or 0, it means the weight of the superhero is missing."
715,superhero,colour.csv,id,,the unique identifier of the color,integer,
716,superhero,colour.csv,colour,,the color of the superhero's skin/eye/hair/etc,text,
717,superhero,attribute.csv,id,,the unique identifier of the attribute,integer,
718,superhero,attribute.csv,attribute_name,attribute name,the attribute,text,"commonsense evidence:
A superhero's attribute is a characteristic or quality that defines who they are and what they are capable of. This could be a physical trait, such as superhuman strength or the ability to fly, or a personal trait, such as extraordinary intelligence or exceptional bravery. "
719,superhero,hero_power.csv,hero_id,hero id,"the id of the hero
Maps to superhero(id)",integer,
720,superhero,hero_power.csv,power_id,power id,"the id of the power
Maps to superpower(id)",integer,"commonsense evidence:
In general, a superhero's attributes provide the foundation for their abilities and help to define who they are, while their powers are the specific abilities that they use to fight crime and protect others."
721,superhero,race.csv,id,,the unique identifier of the race,integer,
722,superhero,race.csv,race,,the race of the superhero,text,"commonsense evidence:
In the context of superheroes, a superhero's race would refer to the particular group of people that the superhero belongs to base on these physical characteristics"
723,superhero,alignment.csv,id,,the unique identifier of the alignment,integer,
724,superhero,alignment.csv,alignment,,the alignment of the superhero,text,"commonsense evidence:
Alignment refers to a character's moral and ethical stance and can be used to describe the overall attitude or behavior of a superhero. Some common alignments for superheroes include:
Good: These superheroes are typically kind, selfless, and dedicated to protecting others and upholding justice. Examples of good alignments include Superman, Wonder Woman, and Spider-Man.
Neutral: These superheroes may not always prioritize the greater good, but they are not necessarily evil either. They may act in their own self-interest or make decisions based on their own moral code. Examples of neutral alignments include the Hulk and Deadpool.
	Bad: These superheroes are typically selfish, manipulative, and willing to harm others in pursuit of their own goals. Examples of evil alignments include Lex Luthor and the Joker."
725,superhero,hero_attribute.csv,hero_id,hero id,"the id of the hero
Maps to superhero(id)",,
726,superhero,hero_attribute.csv,attribute_id,attribute id,"the id of the attribute
Maps to attribute(id)",,
727,superhero,hero_attribute.csv,attribute_value,attribute value,the attribute value,,"commonsense evidence:
If a superhero has a higher attribute value on a particular attribute, it means that they are more skilled or powerful in that area compared to other superheroes. For example, if a superhero has a higher attribute value for strength, they may be able to lift heavier objects or deliver more powerful punches than other superheroes."
728,codebase_community,postLinks.csv,Id,,the post link id,integer,
729,codebase_community,postLinks.csv,CreationDate,Creation Date,the creation date of the post link,datetime,
730,codebase_community,postLinks.csv,PostId,Post Id,the post id,integer,
731,codebase_community,postLinks.csv,RelatedPostId,Related Post Id,the id of the related post,integer,
732,codebase_community,postLinks.csv,LinkTypeId,Link Type Id,the id of the link type,integer,
733,codebase_community,postHistory.csv,Id,,the post history id,integer,
734,codebase_community,postHistory.csv,PostHistoryTypeId,Post History Type Id,the id of the post history type,integer,
735,codebase_community,postHistory.csv,PostId,Post Id,the unique id of the post,integer,
736,codebase_community,postHistory.csv,RevisionGUID,Revision GUID,the revision globally unique id of the post,integer,
737,codebase_community,postHistory.csv,CreationDate,Creation Date,the creation date of the post,datetime,
738,codebase_community,postHistory.csv,UserId,User Id,the user who post the post,integer,
739,codebase_community,postHistory.csv,Text,,the detailed content of the post,text,
740,codebase_community,postHistory.csv,Comment,,comments of the post,text,
741,codebase_community,postHistory.csv,UserDisplayName,User Display Name,user's display name,text,
742,codebase_community,badges.csv,Id,,the badge id,integer,
743,codebase_community,badges.csv,UserId,User Id,the unique id of the user,integer,
744,codebase_community,badges.csv,Name,,the badge name the user obtained,text,
745,codebase_community,badges.csv,Date,,the date that the user obtained the badge,datetime,
746,codebase_community,posts.csv,Id,,the post id,integer,
747,codebase_community,posts.csv,PostTypeId,Post Type Id,the id of the post type,integer,
748,codebase_community,posts.csv,AcceptedAnswerId,Accepted Answer Id,the accepted answer id of the post ,integer,
749,codebase_community,posts.csv,CreaionDate,Creation Date,the creation date of the post,datetime,
750,codebase_community,posts.csv,Score,,the score of the post,integer,
751,codebase_community,posts.csv,ViewCount,View Count,the view count of the post,integer,"commonsense evidence:
Higher view count means the post has higher popularity"
752,codebase_community,posts.csv,Body,,the body of the post,text,
753,codebase_community,posts.csv,OwnerUserId,Owner User Id,the id of the owner user,integer,
754,codebase_community,posts.csv,LasActivityDate,Last Activity Date,the last activity date,datetime,
755,codebase_community,posts.csv,Title,,the title of the post,text,
756,codebase_community,posts.csv,Tags,,the tag of the post,text,
757,codebase_community,posts.csv,AnswerCount,Answer Count,the total number of answers of the post,integer,
758,codebase_community,posts.csv,CommentCount,Comment Count,the total number of comments of the post,integer,
759,codebase_community,posts.csv,FavoriteCount,Favorite Count,the total number of favorites of the post,integer,"commonsense evidence:
more favorite count refers to more valuable posts. "
760,codebase_community,posts.csv,LastEditorUserId,Last Editor User Id,the id of the last editor,integer,
761,codebase_community,posts.csv,LastEditDate,Last Edit Date,the last edit date,datetime,
762,codebase_community,posts.csv,CommunityOwnedDate,Community Owned Date,the community owned date,datetime,
763,codebase_community,posts.csv,ParentId,ParentId,the id of the parent post,integer,"commonsense evidence:
If the parent id is null, the post is the root post. Otherwise, the post is the child post of other post. "
764,codebase_community,posts.csv,ClosedDate,Closed Date,the closed date of the post,data_format,"commonsense evidence:
if ClosedDate is null or empty, it means this post is not well-finished
if CloseDate is not null or empty, it means this post has well-finished."
765,codebase_community,posts.csv,OwnerDisplayName,Owner Display Name,the display name of the post owner,text,
766,codebase_community,posts.csv,LastEditorDisplayName,Last Editor Display Name,the display name of the last editor,text,
767,codebase_community,users.csv,Id,,the user id,integer,
768,codebase_community,users.csv,Reputation,,the user's reputation,integer,"commonsense evidence:
The user with higher reputation has more influence. "
769,codebase_community,users.csv,CreationDate,Creation Date,the creation date of the user account,datetime,
770,codebase_community,users.csv,DisplayName,Display Name,the user's display name,text,
771,codebase_community,users.csv,LastAccessDate,Last Access Date,the last access date of the user account,datetime,
772,codebase_community,users.csv,WebsiteUrl,Website Url,the website url of the user account,text,
773,codebase_community,users.csv,Location,,user's location,text,
774,codebase_community,users.csv,AboutMe,About Me,the self introduction of the user,text,
775,codebase_community,users.csv,Views,,the number of views ,integer,
776,codebase_community,users.csv,UpVotes,,the number of upvotes,integer,
777,codebase_community,users.csv,DownVotes,,the number of downvotes,integer,
778,codebase_community,users.csv,AccountId,Account Id,the unique id of the account,integer,
779,codebase_community,users.csv,Age,,user's age,integer," teenager: 13-18
 adult: 19-65
 elder: > 65"
780,codebase_community,users.csv,ProfileImageUrl,Profile Image Url,the profile image url,text,
781,codebase_community,tags.csv,Id,,the tag id,integer,
782,codebase_community,tags.csv,TagName,Tag Name,the name of the tag,text,
783,codebase_community,tags.csv,Count,,the count of posts that contain this tag,integer,more counts --> this tag is more popular
784,codebase_community,tags.csv,ExcerptPostId,Excerpt Post Id,the excerpt post id of the tag,integer,
785,codebase_community,tags.csv,WikiPostId,Wiki Post Id,the wiki post id of the tag,text,
786,codebase_community,votes.csv,Id,,the vote id,integer,
787,codebase_community,votes.csv,PostId,Post Id,the id of the post that is voted,integer,
788,codebase_community,votes.csv,VoteTypeId,Vote Type Id,the id of the vote type,integer,
789,codebase_community,votes.csv,CreationDate,Creation Date,the creation date of the vote,datetime,
790,codebase_community,votes.csv,UserId,User Id,the id of the voter,integer,
791,codebase_community,votes.csv,BountyAmount,Bounty Amount,the amount of bounty,integer,
792,codebase_community,comments.csv,Id,,the comment Id,integer,
793,codebase_community,comments.csv,PostId,Post Id,the unique id of the post,integer,
794,codebase_community,comments.csv,Score,,rating score,integer,"commonsense evidence:
The score is from 0 to 100. The score more than 60 refers that the comment is a positive comment. The score less than 60 refers that the comment is a negative comment. "
795,codebase_community,comments.csv,Text,,the detailed content of the comment,text,
796,codebase_community,comments.csv,CreationDate,Creation Date,the creation date of the comment,datetime,
797,codebase_community,comments.csv,UserId,User Id,the id of the user who post the comment,integer,
798,codebase_community,comments.csv,UserDisplayName,User Display Name,user's display name,text,
